side,component,file,function,nloc,ccn,tokens,params,start,end
SOP,AR transport handler,HttpArTransportHandler.java,HttpArTransportHandler::HttpArTransportHandler,4,1,22,2,33,36
SOP,AR transport handler,HttpArTransportHandler.java,HttpArTransportHandler::start,12,1,117,1,39,51
SOP,AR transport handler,HttpArTransportHandler.java,HttpArTransportHandler::readBody,3,1,28,1,53,55
SOP,AR transport handler,HttpArTransportHandler.java,HttpArTransportHandler::parseForm,11,5,111,1,57,69
SOP,AR transport handler,HttpArTransportHandler.java,HttpArTransportHandler::handleHealth,4,2,57,1,71,74
SOP,AR transport handler,HttpArTransportHandler.java,HttpArTransportHandler::handleCapabilities,21,2,76,1,76,96
SOP,AR transport handler,HttpArTransportHandler.java,HttpArTransportHandler::handleToken,32,8,224,1,98,131
SOP,AR transport handler,HttpArTransportHandler.java,HttpArTransportHandler::handleDelegation,13,5,134,1,133,147
SOP,AR transport handler,HttpArTransportHandler.java,HttpArTransportHandler::handlePolicies,56,13,499,1,149,208
SOP,AR transport handler,HttpArTransportHandler.java,HttpArTransportHandler::extractBearerOrRespond,8,3,76,1,211,219
SOP,AR transport handler,HttpArTransportHandler.java,HttpArTransportHandler::isGet,3,1,17,1,221,223
SOP,AR transport handler,HttpArTransportHandler.java,HttpArTransportHandler::isMethod,7,2,45,2,225,231
SOP,Consumer EDC gateway,HttpConsumerEdcGateway.java,HttpConsumerEdcGateway::HttpConsumerEdcGateway,5,1,31,3,27,31
SOP,Consumer EDC gateway,HttpConsumerEdcGateway.java,HttpConsumerEdcGateway::ping,3,1,14,0,34,36
SOP,Consumer EDC gateway,HttpConsumerEdcGateway.java,HttpConsumerEdcGateway::requestCatalog,12,1,63,2,39,50
SOP,Consumer EDC gateway,HttpConsumerEdcGateway.java,HttpConsumerEdcGateway::startNegotiation,20,1,112,4,53,72
SOP,Consumer EDC gateway,HttpConsumerEdcGateway.java,HttpConsumerEdcGateway::pollNegotiation,6,2,76,1,75,80
SOP,Consumer EDC gateway,HttpConsumerEdcGateway.java,HttpConsumerEdcGateway::startTransfer,15,3,171,7,83,99
SOP,Consumer EDC gateway,HttpConsumerEdcGateway.java,HttpConsumerEdcGateway::pollTransfer,4,1,46,1,102,105
SOP,Consumer EDC gateway,HttpConsumerEdcGateway.java,HttpConsumerEdcGateway::extractOffer,17,8,156,1,107,126
SOP,Provider EDC gateway,HttpProviderEdcGateway.java,HttpProviderEdcGateway::HttpProviderEdcGateway,4,1,22,2,25,28
SOP,Provider EDC gateway,HttpProviderEdcGateway.java,HttpProviderEdcGateway::createAsset,20,1,130,4,31,50
SOP,Provider EDC gateway,HttpProviderEdcGateway.java,HttpProviderEdcGateway::createPolicy,13,1,102,1,53,65
SOP,Provider EDC gateway,HttpProviderEdcGateway.java,HttpProviderEdcGateway::createContractDefinition,12,1,98,2,68,79
SOP,Provider EDC gateway,HttpProviderEdcGateway.java,HttpProviderEdcGateway::ensureSuccessful,6,3,44,3,81,86
SOP,Consumer transport handler,HttpConsumerTransportHandler.java,HttpConsumerTransportHandler::HttpConsumerTransportHandler,3,1,27,2,14,16
SOP,Consumer transport handler,HttpConsumerTransportHandler.java,HttpConsumerTransportHandler::gateway,3,1,8,0,19,21
SOP,Provider transport handler,HttpProviderTransportHandler.java,HttpProviderTransportHandler::HttpProviderTransportHandler,3,1,22,1,14,16
SOP,Provider transport handler,HttpProviderTransportHandler.java,HttpProviderTransportHandler::gateway,3,1,8,0,19,21
SOP,Identity AR handler,HttpIShareIdentityServiceHandler.java,HttpIShareIdentityServiceHandler::HttpIShareIdentityServiceHandler,4,2,44,2,16,19
SOP,Identity AR handler,HttpIShareIdentityServiceHandler.java,HttpIShareIdentityServiceHandler::requestArToken,13,4,169,2,22,34
SOP,Identity AR handler,HttpIShareIdentityServiceHandler.java,HttpIShareIdentityServiceHandler::requestDelegation,15,4,160,3,37,51
SOP,Identity AR handler,HttpIShareIdentityServiceHandler.java,HttpIShareIdentityServiceHandler::jsonField,9,4,106,2,53,61
SOP,Issuer transport handler,HttpIssuerTransportHandler.java,HttpIssuerTransportHandler::HttpIssuerTransportHandler,3,1,13,1,26,28
SOP,Issuer transport handler,HttpIssuerTransportHandler.java,HttpIssuerTransportHandler::start,9,1,82,1,31,40
SOP,Issuer transport handler,HttpIssuerTransportHandler.java,HttpIssuerTransportHandler::handleHealth,7,2,68,1,42,48
SOP,Issuer transport handler,HttpIssuerTransportHandler.java,HttpIssuerTransportHandler::handleCredentials,15,3,149,1,50,65
SOP,Wallet transport handler,HttpWalletTransportHandler.java,HttpWalletTransportHandler::HttpWalletTransportHandler,3,1,13,1,26,28
SOP,Wallet transport handler,HttpWalletTransportHandler.java,HttpWalletTransportHandler::start,9,1,82,1,31,40
SOP,Wallet transport handler,HttpWalletTransportHandler.java,HttpWalletTransportHandler::handleHealth,10,2,76,1,42,51
SOP,Wallet transport handler,HttpWalletTransportHandler.java,HttpWalletTransportHandler::handlePresentations,14,3,132,1,53,67
SOP,Issuer gateway (wallet-side),HttpIssuerGateway.java,HttpIssuerGateway::HttpIssuerGateway,4,1,22,2,19,22
SOP,Issuer gateway (wallet-side),HttpIssuerGateway.java,HttpIssuerGateway::requestCredential,10,2,78,2,25,34
SOP,Identity wallet handler,HttpWalletServiceHandler.java,HttpWalletServiceHandler::HttpWalletServiceHandler,6,2,44,2,17,22
SOP,Identity wallet handler,HttpWalletServiceHandler.java,HttpWalletServiceHandler::requestPresentation,15,4,135,1,25,39
SOP,Identity wallet handler,HttpWalletServiceHandler.java,HttpWalletServiceHandler::jsonField,9,4,106,2,41,49
AOP,AR transport handler,ActorArTransportHandler.java,ActorArTransportHandler::ActorArTransportHandler,5,1,34,3,36,40
AOP,AR transport handler,ActorArTransportHandler.java,ActorArTransportHandler::start,8,1,69,1,43,51
AOP,AR transport handler,ActorArTransportHandler.java,Actor::create,15,1,175,1,58,74
AOP,AR transport handler,ActorArTransportHandler.java,Actor::Actor,4,1,24,2,76,79
AOP,AR transport handler,ActorArTransportHandler.java,Actor::createReceive,10,1,80,0,82,91
AOP,AR transport handler,ActorArTransportHandler.java,Actor::onIssueToken,9,2,102,1,93,101
AOP,AR transport handler,ActorArTransportHandler.java,Actor::onRequestDelegation,9,2,94,1,103,111
AOP,AR transport handler,ActorArTransportHandler.java,Actor::onAddPolicy,5,1,57,1,113,117
AOP,AR transport handler,ActorArTransportHandler.java,Actor::onGetPolicies,5,1,50,1,119,123
AOP,AR transport handler,ActorArTransportHandler.java,Actor::onGetPolicy,5,1,53,1,125,129
AOP,AR transport handler,ActorArTransportHandler.java,Actor::onDeletePolicy,5,1,53,1,131,135
AOP,Shared ask/discovery plumbing,ManagementActorClient.java,subscribeToReceptionist,11,1,114,1,38,48
AOP,Shared ask/discovery plumbing,ManagementActorClient.java,awaitTarget,15,4,104,0,51,65
AOP,Shared ask/discovery plumbing,ManagementActorClient.java,ask,5,1,82,1,68,72
AOP,Shared ask/discovery plumbing,ManagementActorClient.java,startClusterClient,3,1,41,3,75,77
AOP,Shared ask/discovery plumbing,ManagementActorClient.java,close,3,1,13,0,80,82
AOP,Consumer EDC gateway,ActorConsumerEdcGateway.java,ActorConsumerEdcGateway::ActorConsumerEdcGateway,5,1,34,3,32,36
AOP,Consumer EDC gateway,ActorConsumerEdcGateway.java,ActorConsumerEdcGateway::start,6,1,56,5,38,43
AOP,Consumer EDC gateway,ActorConsumerEdcGateway.java,ActorConsumerEdcGateway::system,3,1,8,0,46,48
AOP,Consumer EDC gateway,ActorConsumerEdcGateway.java,ActorConsumerEdcGateway::targetRef,3,1,8,0,51,53
AOP,Consumer EDC gateway,ActorConsumerEdcGateway.java,ActorConsumerEdcGateway::askTimeout,3,1,8,0,56,58
AOP,Consumer EDC gateway,ActorConsumerEdcGateway.java,ActorConsumerEdcGateway::discoveryTimeout,3,1,8,0,61,63
AOP,Consumer EDC gateway,ActorConsumerEdcGateway.java,ActorConsumerEdcGateway::ping,3,1,28,0,66,68
AOP,Consumer EDC gateway,ActorConsumerEdcGateway.java,ActorConsumerEdcGateway::requestCatalog,6,4,85,2,71,76
AOP,Consumer EDC gateway,ActorConsumerEdcGateway.java,ActorConsumerEdcGateway::startNegotiation,5,2,63,4,79,83
AOP,Consumer EDC gateway,ActorConsumerEdcGateway.java,ActorConsumerEdcGateway::pollNegotiation,4,1,42,1,86,89
AOP,Consumer EDC gateway,ActorConsumerEdcGateway.java,ActorConsumerEdcGateway::startTransfer,7,2,78,7,92,98
AOP,Consumer EDC gateway,ActorConsumerEdcGateway.java,ActorConsumerEdcGateway::pollTransfer,4,1,38,1,101,104
AOP,Provider EDC gateway,ActorProviderEdcGateway.java,ActorProviderEdcGateway::ActorProviderEdcGateway,5,1,34,3,29,33
AOP,Provider EDC gateway,ActorProviderEdcGateway.java,ActorProviderEdcGateway::start,6,1,56,5,35,40
AOP,Provider EDC gateway,ActorProviderEdcGateway.java,ActorProviderEdcGateway::system,3,1,8,0,43,45
AOP,Provider EDC gateway,ActorProviderEdcGateway.java,ActorProviderEdcGateway::targetRef,3,1,8,0,48,50
AOP,Provider EDC gateway,ActorProviderEdcGateway.java,ActorProviderEdcGateway::askTimeout,3,1,8,0,53,55
AOP,Provider EDC gateway,ActorProviderEdcGateway.java,ActorProviderEdcGateway::discoveryTimeout,3,1,8,0,58,60
AOP,Provider EDC gateway,ActorProviderEdcGateway.java,ActorProviderEdcGateway::createAsset,5,2,63,4,63,67
AOP,Provider EDC gateway,ActorProviderEdcGateway.java,ActorProviderEdcGateway::createPolicy,5,2,48,1,70,74
AOP,Provider EDC gateway,ActorProviderEdcGateway.java,ActorProviderEdcGateway::createContractDefinition,5,2,53,2,77,81
AOP,Consumer transport handler,ActorConsumerTransportHandler.java,ActorConsumerTransportHandler::ActorConsumerTransportHandler,3,1,41,5,14,16
AOP,Consumer transport handler,ActorConsumerTransportHandler.java,ActorConsumerTransportHandler::gateway,3,1,8,0,19,21
AOP,Provider transport handler,ActorProviderTransportHandler.java,ActorProviderTransportHandler::ActorProviderTransportHandler,4,1,41,5,14,17
AOP,Provider transport handler,ActorProviderTransportHandler.java,ActorProviderTransportHandler::gateway,3,1,8,0,20,22
AOP,Identity AR handler,ActorIShareIdentityServiceHandler.java,ActorIShareIdentityServiceHandler::ActorIShareIdentityServiceHandler,8,1,54,4,39,46
AOP,Identity AR handler,ActorIShareIdentityServiceHandler.java,ActorIShareIdentityServiceHandler::requestArToken,8,2,99,2,49,56
AOP,Identity AR handler,ActorIShareIdentityServiceHandler.java,ActorIShareIdentityServiceHandler::requestDelegation,10,2,130,3,59,68
AOP,Identity AR handler,ActorIShareIdentityServiceHandler.java,ActorIShareIdentityServiceHandler::awaitArRef,10,3,69,0,75,84
AOP,Identity AR handler,ActorIShareIdentityServiceHandler.java,ActorIShareIdentityServiceHandler::subscribeToClusterEvents,7,1,103,0,86,92
AOP,Identity AR handler,ActorIShareIdentityServiceHandler.java,ActorIShareIdentityServiceHandler::subscribeToReceptionist,12,1,148,0,94,105
AOP,Issuer transport handler,ActorIssuerTransportHandler.java,ActorIssuerTransportHandler::ActorIssuerTransportHandler,5,1,34,3,31,35
AOP,Issuer transport handler,ActorIssuerTransportHandler.java,ActorIssuerTransportHandler::start,8,1,69,1,38,46
AOP,Issuer transport handler,ActorIssuerTransportHandler.java,Actor::create,7,1,66,1,53,59
AOP,Issuer transport handler,ActorIssuerTransportHandler.java,Actor::Actor,4,1,24,2,61,64
AOP,Issuer transport handler,ActorIssuerTransportHandler.java,Actor::createReceive,5,1,25,0,67,71
AOP,Issuer transport handler,ActorIssuerTransportHandler.java,Actor::onIssueCredential,9,2,102,1,73,81
AOP,Wallet transport handler,ActorWalletTransportHandler.java,ActorWalletTransportHandler::ActorWalletTransportHandler,6,1,43,4,32,37
AOP,Wallet transport handler,ActorWalletTransportHandler.java,ActorWalletTransportHandler::start,8,1,73,1,40,48
AOP,Wallet transport handler,ActorWalletTransportHandler.java,Actor::create,7,1,74,2,55,61
AOP,Wallet transport handler,ActorWalletTransportHandler.java,Actor::Actor,4,1,24,2,63,66
AOP,Wallet transport handler,ActorWalletTransportHandler.java,Actor::createReceive,5,1,25,0,69,73
AOP,Wallet transport handler,ActorWalletTransportHandler.java,Actor::onCreatePresentation,8,2,77,1,75,82
AOP,Issuer gateway (wallet-side),ActorIssuerGateway.java,ActorIssuerGateway::ActorIssuerGateway,5,1,34,3,32,36
AOP,Issuer gateway (wallet-side),ActorIssuerGateway.java,ActorIssuerGateway::start,5,1,38,3,38,42
AOP,Issuer gateway (wallet-side),ActorIssuerGateway.java,ActorIssuerGateway::requestCredential,8,2,102,2,45,52
AOP,Issuer gateway (wallet-side),ActorIssuerGateway.java,ActorIssuerGateway::subscribeToReceptionist,11,1,107,0,54,64
AOP,Issuer gateway (wallet-side),ActorIssuerGateway.java,ActorIssuerGateway::awaitIssuer,10,3,69,0,66,75
AOP,Issuer gateway (wallet-side),ActorIssuerGateway.java,ActorIssuerGateway::close,3,1,11,0,78,80
AOP,Identity wallet handler,ActorWalletServiceHandler.java,ActorWalletServiceHandler::ActorWalletServiceHandler,8,1,54,5,35,42
AOP,Identity wallet handler,ActorWalletServiceHandler.java,ActorWalletServiceHandler::requestPresentation,8,2,94,1,45,52
AOP,Identity wallet handler,ActorWalletServiceHandler.java,ActorWalletServiceHandler::awaitWalletRef,10,3,69,0,55,64
AOP,Identity wallet handler,ActorWalletServiceHandler.java,ActorWalletServiceHandler::subscribeToReceptionist,16,1,160,1,66,81
